1:filename, 2:phi_2, 3:l_c_x, 4:l_c_y, 5:l_c_z, 6:d_sph_x, 7:d_sph_y, 8:d_sph_z, 9:l_ex_x, 10:l_ex_y, 11:l_ex_z, 12:xi_ts_x, 13:xi_ts_y, 14:xi_ts_z, 15:d_ts_x, 16:d_ts_y, 17:d_ts_z, 18:xi_grf_x, 19:xi_grf_y, 20:xi_grf_z, 21:d_grf_x, 22:d_grf_y, 23:d_grf_z, 24:d_shs, 25:tau, 26:l_ex_tilde, 27:xi_ts_tilde, 28:l_ts_tilde, 29:pos-z, 30:el-size
/home/loewe/sph/projects/160_esa_itt_microstructure/results/wp2-thin-section-analysis/1984May10sections/1984May10sections_V1_SEG.JPG, 0.359366, 0.518772, NaN, 0.524315, 1.084736, NaN, 1.322939, 0.364330, NaN, 0.487716, 0.552723, NaN, 0.487704, 2.550456, NaN, 999.990353, 0.388884, NaN, 0.337475, 2.518348, NaN, 999.998762, 0.849774, 0.159091, 0.184036, 0.184042, 76.028015, NaN, 0.053000
/home/loewe/sph/projects/160_esa_itt_microstructure/results/wp2-thin-section-analysis/1984May10sections/1984May10sections_V2_SEG.JPG, 0.330741, 0.717868, NaN, 0.734625, 1.455267, NaN, 1.674959, 0.514419, NaN, 0.613822, 0.667072, NaN, 0.613825, 4.021451, NaN, 999.968686, 0.432701, NaN, 0.424822, 4.415665, NaN, 999.999718, 0.812090, 0.098000, 0.637013, 0.632248, 340.081538, NaN, 0.053000
/home/loewe/sph/projects/160_esa_itt_microstructure/results/wp2-thin-section-analysis/1984May10sections/1984May10sections_V3_SEG.JPG, 0.437002, 0.623120, NaN, 0.592977, 1.168553, NaN, 1.182955, 0.398038, NaN, 0.411519, 0.685986, NaN, 0.531403, 2.475750, NaN, 3.329292, 0.462192, NaN, 0.353894, 2.473636, NaN, 3.452570, 0.970821, 0.189875, 0.131304, 0.163353, 1.788052, NaN, 0.053000
/home/loewe/sph/projects/160_esa_itt_microstructure/results/wp2-thin-section-analysis/1984May10sections/1984May10sections_V4_SEG.JPG, 0.431065, 0.574185, NaN, 0.518235, 1.317656, NaN, 1.056279, 0.499495, NaN, 0.366443, 0.499488, NaN, 0.425450, 999.999990, NaN, 3.656489, 0.342616, NaN, 0.284114, 999.999987, NaN, 4.018342, 0.982751, 0.134112, 0.179119, 0.179118, 279.545413, NaN, 0.053000
/home/loewe/sph/projects/160_esa_itt_microstructure/results/wp2-thin-section-analysis/1984May10sections/1984May10sections_V5_SEG.JPG, 0.491704, 0.525527, NaN, 0.498348, 1.302716, NaN, 1.062056, 0.510567, NaN, 0.371803, 0.510561, NaN, 0.392733, 1000.000000, NaN, 6.135345, 0.352669, NaN, 0.261905, 1000.000000, NaN, 725.998013, 1.062411, 0.098000, 0.214747, 0.214811, 64.929480, NaN, 0.053000
